sweep,B,H,T,L,head_dim,n_q,state,nested_fwd_ms,flat_fwd_ms,fwd_ratio,nested_fb_ms,flat_fb_ms,fb_ratio,bwd_over_fwd,nested_gb,flat_gb
depth,4,16,8192,2,64,16,131072,5.793967962265015,4.17299222946167,1.3884444647078713,31.716320037841797,24.650912284851074,1.2866185101527738,5.474024061645493,5.607688192,7.268992512
depth,4,16,8192,3,64,16-32,196608,8.861184120178223,6.311967849731445,1.4038702875451494,47.85067176818848,38.613807678222656,1.23921142838175,5.400031318526092,6.087313408,10.89496832
depth,4,16,8192,4,64,16-32-64,262144,11.7358717918396,8.31545639038086,1.4113322517589537,60.639808654785156,49.088640213012695,1.2353124550129708,5.167047640802478,6.53407232,14.520944128
depth,4,16,8192,5,64,16-32-64-64,327680,14.525279998779297,10.510656356811523,1.3819574635190182,73.65484619140625,64.42562866210938,1.1432538218245567,5.070803881067779,6.963464192,18.146919936
depth,4,16,8192,6,64,16-32-64-64-64,393216,17.26300811767578,12.563679695129395,1.3740407696296326,85.23209381103516,77.06390380859375,1.1059924244524262,4.937267782650527,7.384467456,21.772895744
depth,4,16,8192,2,128,16,524288,11.895567893981934,7.856448173522949,1.514115237731885,57.99052810668945,49.05587387084961,1.1821322000982448,4.874969284654946,12.27731968,14.248314368
depth,4,16,8192,3,128,16-32,786432,18.313247680664062,11.780128002166748,1.554588174024566,86.67289733886719,75.15583801269531,1.1532423778472993,4.732797745665848,13.373933568,21.363951104
depth,4,16,8192,4,128,16-32-64,1048576,23.999168395996094,15.713327884674072,1.5273129010057493,111.51446533203125,98.21871948242188,1.1353687557695038,4.64659706086465,14.337705984,28.47958784
depth,4,16,8192,5,128,16-32-64-128,1310720,29.348527908325195,19.761280059814453,1.4851531793229775,145.30723571777344,124.9197769165039,1.1632044124998435,4.951091113382714,15.237646336,35.595224576
